"","Site","Tissue","PCT.AG","ag.logit.z","PCT.DEV","dev.logit.z","BMP","BMP.z","Observation","Total_PCB","Pentachlorobenzene","Heptachlor","p,p'-DDE","Galaxolide","Tonalide","Carbazole","Chlorpyrifos","Diazinon","Prometon","Diethyl phthalate","Diethylhexylphthalate (DEHP)","Tributyl phosphate (TBP)","Tris(2-chloroethyl)phosphate (TCEP)","Triphenyl phosphate (TPP)","Anthracene","Fluoranthene","Naphthalene","Phenanthrene","Pyrene","Acetophenone","Anthraquinone","Benzophenone","Caffeine","Camphor","Cotinine","Ethyl citrate","Indole","Isophorone","Menthol","Methyl salicylate","Methyl Triclosan","N,N-diethyltoluamide (DEET)","p-Octylphenol"
"1","POT","Ovary",0.7435008666,1.41637950075991,0.0719237435,-0.619518112308489,0.005436,1.53831993621014,1,1,0,0,1,0,0,0,0,0,0,1,0,0,0,0,1,0,1,1,0,0,0,1,0,1,0,0,0,0,0,0,0,1,0
"2","POT","Ovary",0.7435008666,1.41637950075991,0.0719237435,-0.619518112308489,0.005436,1.53831993621014,2,1,0,0,1,1,0,0,0,0,0,1,0,0,0,0,1,0,1,0,0,0,1,1,0,0,0,0,0,0,0,0,1,0,0
"3","POT","Ovary",0.7435008666,1.41637950075991,0.0719237435,-0.619518112308489,0.005436,1.53831993621014,3,1,0,0,1,0,0,0,0,0,0,1,0,0,0,0,1,0,1,1,0,0,0,1,0,1,0,0,0,0,0,1,1,1,0
"4","POT","Ovary",0.7435008666,1.41637950075991,0.0719237435,-0.619518112308489,0.005436,1.53831993621014,4,1,0,0,1,1,0,0,0,0,0,1,0,0,0,0,1,0,1,1,0,0,1,1,0,1,0,0,0,0,0,0,1,1,0
"5","POT","Ovary",0.7435008666,1.41637950075991,0.0719237435,-0.619518112308489,0.005436,1.53831993621014,5,1,0,0,1,1,0,0,0,0,0,1,0,0,0,0,1,0,1,1,0,0,0,0,0,0,0,0,0,0,0,0,1,1,0
"6","POT","Ovary",0.7435008666,1.41637950075991,0.0719237435,-0.619518112308489,0.005436,1.53831993621014,6,1,0,0,1,1,0,0,0,0,0,1,0,0,0,0,1,0,1,1,0,0,0,0,0,0,0,0,0,0,0,0,1,1,0
"7","POT","Ovary",0.7435008666,1.41637950075991,0.0719237435,-0.619518112308489,0.005436,1.53831993621014,7,1,0,0,1,0,0,0,0,0,0,0,0,0,0,0,1,0,1,1,0,0,0,0,0,0,0,0,0,0,0,0,0,0,0
"8","POT","Ovary",0.7435008666,1.41637950075991,0.0719237435,-0.619518112308489,0.005436,1.53831993621014,8,1,0,0,1,1,0,0,0,0,0,1,0,0,0,0,1,0,1,1,0,0,1,1,0,0,0,0,0,0,0,0,0,1,0
"9","POT","Ovary",0.7435008666,1.41637950075991,0.0719237435,-0.619518112308489,0.005436,1.53831993621014,9,1,0,0,1,1,0,0,0,0,0,1,0,0,0,0,1,0,1,1,0,0,1,1,0,0,0,0,0,0,0,0,1,0,0
"10","POT","Ovary",0.7435008666,1.41637950075991,0.0719237435,-0.619518112308489,0.005436,1.53831993621014,10,1,0,0,1,1,0,0,0,0,0,1,0,0,0,0,1,0,1,1,0,0,1,1,0,0,0,0,0,0,0,0,1,0,0
"21","POT","Ovary",0.7435008666,1.41637950075991,0.0719237435,-0.619518112308489,0.005436,1.53831993621014,21,1,0,0,1,1,1,0,0,0,0,1,0,0,0,0,1,0,1,1,0,0,1,0,0,0,0,0,0,0,0,0,1,0,0
"22","POT","Ovary",0.7435008666,1.41637950075991,0.0719237435,-0.619518112308489,0.005436,1.53831993621014,22,1,0,0,1,1,0,0,0,0,0,1,0,0,0,0,1,0,1,1,0,0,1,1,0,0,0,0,0,0,0,0,1,0,0
"23","POT","Ovary",0.7435008666,1.41637950075991,0.0719237435,-0.619518112308489,0.005436,1.53831993621014,23,1,0,0,1,1,0,0,0,0,0,1,0,0,0,0,1,0,1,1,0,0,1,1,0,0,0,0,0,0,0,0,1,0,0
"24","POT","Ovary",0.7435008666,1.41637950075991,0.0719237435,-0.619518112308489,0.005436,1.53831993621014,24,1,0,1,1,1,1,0,0,0,0,1,0,0,0,0,1,0,1,1,0,0,1,0,0,0,0,0,0,0,0,0,1,0,0
"25","POT","Ovary",0.7435008666,1.41637950075991,0.0719237435,-0.619518112308489,0.005436,1.53831993621014,25,1,0,0,1,1,1,0,0,0,0,1,0,0,0,0,1,0,1,1,0,0,1,0,0,0,0,0,0,0,0,0,1,0,0
"26","POT","Ovary",0.7435008666,1.41637950075991,0.0719237435,-0.619518112308489,0.005436,1.53831993621014,26,1,0,0,1,1,1,0,0,0,0,1,0,0,0,0,1,0,1,1,0,0,1,0,0,0,0,0,0,0,0,0,1,0,0
"27","POT","Ovary",0.7435008666,1.41637950075991,0.0719237435,-0.619518112308489,0.005436,1.53831993621014,27,1,0,0,1,1,0,0,0,0,0,1,0,0,0,0,0,1,0,1,0,0,0,0,0,0,0,0,0,0,0,0,1,0,0
"28","POT","Ovary",0.7435008666,1.41637950075991,0.0719237435,-0.619518112308489,0.005436,1.53831993621014,28,1,0,0,1,1,1,0,0,0,0,1,0,0,0,0,1,0,1,1,0,0,1,0,0,0,0,0,0,0,0,0,1,0,0
"29","POT","Ovary",0.7435008666,1.41637950075991,0.0719237435,-0.619518112308489,0.005436,1.53831993621014,29,1,0,0,1,1,1,0,0,0,0,1,0,0,0,0,1,0,1,1,0,0,1,1,0,0,0,0,0,0,0,0,1,0,0
"48","CHIL","Ovary",0.1742808799,-0.252183006958253,0.06651047768,-0.698531499163696,0.002648,-0.531339937337599,48,1,0,0,1,0,0,0,0,0,0,0,0,0,0,0,0,0,1,0,0,1,0,1,0,0,0,0,0,0,0,0,1,0,0
"49","CHIL","Ovary",0.1742808799,-0.252183006958253,0.06651047768,-0.698531499163696,0.002648,-0.531339937337599,49,1,0,0,1,1,0,0,0,0,0,0,0,0,0,0,1,0,1,1,0,0,0,0,0,0,0,0,0,0,0,0,1,0,0
"50","CHIL","Ovary",0.1742808799,-0.252183006958253,0.06651047768,-0.698531499163696,0.002648,-0.531339937337599,50,1,0,0,1,0,0,0,0,0,0,0,0,0,0,0,0,0,1,0,0,1,0,1,0,0,0,0,0,0,0,0,1,0,0
"51","CHIL","Ovary",0.1742808799,-0.252183006958253,0.06651047768,-0.698531499163696,0.002648,-0.531339937337599,51,1,0,0,1,1,1,0,0,0,0,0,1,0,0,0,1,0,1,0,0,1,0,0,0,0,0,0,0,0,0,0,1,0,0
"52","CHIL","Ovary",0.1742808799,-0.252183006958253,0.06651047768,-0.698531499163696,0.002648,-0.531339937337599,52,1,0,0,1,0,0,0,0,0,0,0,0,0,0,0,1,0,1,0,0,1,0,0,0,0,0,0,0,0,0,0,1,0,0
"53","CHIL","Ovary",0.1742808799,-0.252183006958253,0.06651047768,-0.698531499163696,0.002648,-0.531339937337599,53,1,0,0,1,0,0,0,0,0,0,0,0,0,0,0,0,0,1,0,0,0,0,0,0,0,0,0,0,0,0,0,1,0,0
"54","CHIL","Ovary",0.1742808799,-0.252183006958253,0.06651047768,-0.698531499163696,0.002648,-0.531339937337599,54,1,0,0,1,1,0,0,0,0,0,0,0,0,0,0,1,0,1,0,0,0,0,0,0,0,0,0,0,0,0,0,1,0,0
"55","CHIL","Ovary",0.1742808799,-0.252183006958253,0.06651047768,-0.698531499163696,0.002648,-0.531339937337599,55,1,0,0,1,0,0,0,0,0,0,0,0,0,0,0,0,0,1,0,0,0,0,0,0,0,0,0,0,0,0,0,1,0,0
"56","CHIL","Ovary",0.1742808799,-0.252183006958253,0.06651047768,-0.698531499163696,0.002648,-0.531339937337599,56,1,0,0,1,1,0,0,0,0,0,0,1,0,0,0,1,0,1,0,0,1,0,0,0,0,0,0,0,0,0,0,1,0,0
"57","CHIL","Ovary",0.1742808799,-0.252183006958253,0.06651047768,-0.698531499163696,0.002648,-0.531339937337599,57,1,0,0,1,1,0,0,0,0,0,1,1,0,0,0,1,0,1,0,0,1,0,0,0,0,0,0,0,0,0,0,1,0,0
"64","CHIL","YOY",0.1742808799,-0.252183006958253,0.06651047768,-0.698531499163696,0.002648,-0.531339937337599,64,1,0,0,1,0,0,0,1,1,0,0,0,1,0,0,0,0,1,0,1,0,0,0,0,0,0,0,0,0,0,0,0,0,0
"65","CHIL","YOY",0.1742808799,-0.252183006958253,0.06651047768,-0.698531499163696,0.002648,-0.531339937337599,65,1,0,0,1,0,0,0,1,1,0,0,0,0,0,0,0,0,1,0,1,0,0,0,0,0,0,0,0,0,0,0,0,0,0
"66","CHIL","YOY",0.1742808799,-0.252183006958253,0.06651047768,-0.698531499163696,0.002648,-0.531339937337599,66,1,0,0,1,0,0,0,0,1,1,0,0,0,0,1,0,0,1,0,1,0,0,0,0,0,0,0,0,1,0,0,0,0,0
"67","CHIL","YOY",0.1742808799,-0.252183006958253,0.06651047768,-0.698531499163696,0.002648,-0.531339937337599,67,1,0,0,1,0,0,0,1,1,1,0,0,0,0,0,0,0,1,0,1,0,0,0,0,0,0,0,0,0,0,1,0,0,0
"68","CHIL","YOY",0.1742808799,-0.252183006958253,0.06651047768,-0.698531499163696,0.002648,-0.531339937337599,68,1,0,0,1,0,0,0,1,1,0,0,0,0,0,0,0,0,1,0,1,0,0,0,0,0,0,0,0,0,0,0,0,0,0
"69","CHIL","YOY",0.1742808799,-0.252183006958253,0.06651047768,-0.698531499163696,0.002648,-0.531339937337599,69,1,0,0,1,0,0,0,1,1,1,0,0,1,0,0,0,0,1,0,1,1,0,0,0,1,0,1,0,1,0,1,0,1,0
"70","CHIL","YOY",0.1742808799,-0.252183006958253,0.06651047768,-0.698531499163696,0.002648,-0.531339937337599,70,1,0,0,1,0,0,0,1,1,1,0,0,0,0,0,0,0,1,0,1,0,0,0,0,0,0,0,0,0,0,0,0,0,0
"71","CHIL","YOY",0.1742808799,-0.252183006958253,0.06651047768,-0.698531499163696,0.002648,-0.531339937337599,71,1,0,0,1,0,0,0,0,1,1,0,0,0,0,0,0,0,0,0,1,0,0,0,0,0,0,0,0,1,0,0,0,0,0
"72","CHIL","YOY",0.1742808799,-0.252183006958253,0.06651047768,-0.698531499163696,0.002648,-0.531339937337599,72,1,0,0,0,0,0,0,1,1,1,0,0,0,0,1,0,1,1,1,1,1,1,0,0,0,0,0,0,1,0,1,0,1,0
"73","POT","YOY",0.7435008666,1.41637950075991,0.0719237435,-0.619518112308489,0.005436,1.53831993621014,73,1,0,0,0,0,0,0,1,1,0,0,0,0,0,0,0,0,0,0,1,0,0,0,0,0,0,0,0,1,0,1,0,0,0
"74","POT","YOY",0.7435008666,1.41637950075991,0.0719237435,-0.619518112308489,0.005436,1.53831993621014,74,1,0,0,0,0,0,0,1,1,1,0,0,0,0,0,0,0,1,0,1,0,0,0,0,0,0,0,0,0,0,1,0,0,0
"75","POT","YOY",0.7435008666,1.41637950075991,0.0719237435,-0.619518112308489,0.005436,1.53831993621014,75,1,0,0,0,0,1,0,1,1,1,0,0,1,0,1,0,1,0,0,1,1,0,0,0,1,1,1,1,1,1,1,0,1,0
"76","POT","YOY",0.7435008666,1.41637950075991,0.0719237435,-0.619518112308489,0.005436,1.53831993621014,76,1,0,0,0,0,0,0,1,1,1,0,0,0,0,0,0,0,1,0,1,0,0,0,0,0,0,1,0,0,0,0,0,0,0
"77","POT","YOY",0.7435008666,1.41637950075991,0.0719237435,-0.619518112308489,0.005436,1.53831993621014,77,1,0,0,0,0,0,0,0,1,1,1,0,0,0,1,0,0,1,0,1,0,0,0,0,0,0,0,0,1,0,1,0,0,0
"78","CHIL","Ovary",0.1742808799,-0.252183006958253,0.06651047768,-0.698531499163696,0.002648,-0.531339937337599,78,1,0,0,1,1,0,1,0,0,0,0,0,0,1,0,0,0,0,0,0,0,0,0,0,0,0,1,0,1,0,0,0,0,1
"79","CHIL","Ovary",0.1742808799,-0.252183006958253,0.06651047768,-0.698531499163696,0.002648,-0.531339937337599,79,1,0,0,1,0,0,1,0,0,0,0,0,1,0,1,0,0,0,0,1,0,0,0,0,0,0,0,0,1,0,0,0,0,0
"80","CHIL","Ovary",0.1742808799,-0.252183006958253,0.06651047768,-0.698531499163696,0.002648,-0.531339937337599,80,1,0,0,1,0,0,1,0,0,0,0,0,1,0,0,0,0,0,0,0,0,0,0,0,0,0,0,0,1,1,0,0,0,1
"81","CHIL","Ovary",0.1742808799,-0.252183006958253,0.06651047768,-0.698531499163696,0.002648,-0.531339937337599,81,1,0,0,1,0,0,1,1,0,0,0,0,0,0,0,0,0,0,0,1,0,0,0,0,0,0,0,0,1,0,0,0,0,1
"82","CHIL","Ovary",0.1742808799,-0.252183006958253,0.06651047768,-0.698531499163696,0.002648,-0.531339937337599,82,1,0,0,1,0,0,1,1,0,0,0,0,0,0,0,0,0,1,1,0,1,1,0,0,0,0,0,0,1,0,0,0,1,1
"83","CHIL","Ovary",0.1742808799,-0.252183006958253,0.06651047768,-0.698531499163696,0.002648,-0.531339937337599,83,1,0,0,1,0,0,1,1,0,0,0,0,0,1,0,0,0,0,0,1,0,0,0,0,0,0,0,0,1,0,0,0,0,0
"84","CHIL","Ovary",0.1742808799,-0.252183006958253,0.06651047768,-0.698531499163696,0.002648,-0.531339937337599,84,1,0,1,1,0,0,1,0,0,0,0,0,0,0,0,0,0,0,0,1,0,0,0,0,0,0,0,0,1,0,0,0,0,0
"85","POT","YOY",0.7435008666,1.41637950075991,0.0719237435,-0.619518112308489,0.005436,1.53831993621014,85,1,0,0,0,0,0,0,0,0,1,0,0,1,1,0,0,0,0,0,1,1,0,0,0,1,0,0,0,0,0,0,0,0,0
"86","POT","YOY",0.7435008666,1.41637950075991,0.0719237435,-0.619518112308489,0.005436,1.53831993621014,86,1,0,0,0,0,0,0,1,0,0,1,0,0,1,1,0,0,0,0,1,1,0,0,0,0,0,1,0,1,0,0,0,0,0
"87","POT","YOY",0.7435008666,1.41637950075991,0.0719237435,-0.619518112308489,0.005436,1.53831993621014,87,1,0,0,0,0,0,0,1,0,0,0,0,0,0,0,0,0,1,0,1,0,0,0,0,0,0,0,0,1,0,0,0,0,0
"88","POT","YOY",0.7435008666,1.41637950075991,0.0719237435,-0.619518112308489,0.005436,1.53831993621014,88,1,0,0,0,0,0,0,0,0,0,0,0,0,0,0,0,0,0,0,1,0,0,0,0,0,0,0,0,0,0,0,0,0,0
"89","POT","YOY",0.7435008666,1.41637950075991,0.0719237435,-0.619518112308489,0.005436,1.53831993621014,89,1,0,0,0,0,0,0,0,0,0,0,0,0,0,0,0,0,1,0,0,0,0,0,0,0,0,0,0,0,0,0,0,0,0
"90","CHIL","Ovary",0.1742808799,-0.252183006958253,0.06651047768,-0.698531499163696,0.002648,-0.531339937337599,90,1,0,0,1,0,0,1,0,0,0,0,0,0,0,0,0,0,0,0,1,0,0,0,0,0,0,0,0,1,0,0,0,1,0
"91","CHIL","Ovary",0.1742808799,-0.252183006958253,0.06651047768,-0.698531499163696,0.002648,-0.531339937337599,91,1,0,0,1,0,0,1,1,0,0,0,0,0,0,0,0,0,0,0,1,0,0,0,0,0,0,0,0,1,0,0,0,1,0
"92","CHIL","Ovary",0.1742808799,-0.252183006958253,0.06651047768,-0.698531499163696,0.002648,-0.531339937337599,92,1,0,0,1,0,0,1,1,0,0,0,0,0,0,0,0,0,0,0,1,0,0,0,0,0,0,0,0,1,0,0,0,1,0
"93","CHIL","Ovary",0.1742808799,-0.252183006958253,0.06651047768,-0.698531499163696,0.002648,-0.531339937337599,93,1,0,0,1,0,0,1,0,0,0,0,0,0,0,0,0,0,0,0,1,0,0,0,0,0,0,0,0,1,0,0,0,0,1
"94","CHIL","Ovary",0.1742808799,-0.252183006958253,0.06651047768,-0.698531499163696,0.002648,-0.531339937337599,94,1,0,0,1,0,0,0,0,0,0,0,0,0,0,0,0,0,0,0,1,0,0,0,0,0,0,0,0,1,0,0,0,1,1
"95","CHIL","Ovary",0.1742808799,-0.252183006958253,0.06651047768,-0.698531499163696,0.002648,-0.531339937337599,95,1,0,0,1,0,0,0,0,0,0,0,0,0,0,0,0,0,0,0,1,0,0,0,0,0,0,0,0,1,0,0,0,0,1
"96","CHIL","Ovary",0.1742808799,-0.252183006958253,0.06651047768,-0.698531499163696,0.002648,-0.531339937337599,96,1,0,0,1,0,0,1,0,0,0,0,0,0,0,0,0,0,0,0,1,0,0,0,0,0,0,0,0,1,1,0,0,0,0
"97","PC","YOY",0.03915592028,-1.29967098358498,0.03798358734,-1.25338066362992,0.001089,-1.68865691827767,97,1,0,0,1,0,0,0,0,0,0,0,0,0,0,0,0,0,0,1,1,0,0,0,0,0,0,0,0,0,1,0,0,0,0
"98","PC","YOY",0.03915592028,-1.29967098358498,0.03798358734,-1.25338066362992,0.001089,-1.68865691827767,98,1,0,0,1,0,0,0,0,0,0,0,0,0,0,0,0,0,0,1,1,0,0,0,1,0,0,0,0,0,0,0,0,0,0
"99","PC","YOY",0.03915592028,-1.29967098358498,0.03798358734,-1.25338066362992,0.001089,-1.68865691827767,99,1,0,0,1,0,0,0,0,0,0,0,0,0,0,0,0,0,0,1,1,1,0,0,1,0,0,0,0,1,1,1,0,0,1
"100","PC","YOY",0.03915592028,-1.29967098358498,0.03798358734,-1.25338066362992,0.001089,-1.68865691827767,100,1,0,0,1,0,0,0,0,0,0,0,0,0,0,0,0,0,0,1,1,0,0,0,1,0,0,0,0,1,0,1,0,0,0
"101","PC","YOY",0.03915592028,-1.29967098358498,0.03798358734,-1.25338066362992,0.001089,-1.68865691827767,101,1,0,0,1,0,0,0,0,0,0,0,0,0,0,0,0,0,0,1,1,0,0,0,1,0,0,0,0,0,0,0,0,0,0
"102","PC","YOY",0.03915592028,-1.29967098358498,0.03798358734,-1.25338066362992,0.001089,-1.68865691827767,102,1,0,0,1,0,0,0,0,0,0,0,0,0,0,0,0,0,0,1,1,0,0,0,1,0,0,0,0,1,0,0,0,0,0
"103","PC","YOY",0.03915592028,-1.29967098358498,0.03798358734,-1.25338066362992,0.001089,-1.68865691827767,103,1,0,0,1,0,0,0,0,0,0,0,0,0,0,0,0,0,0,1,1,0,0,0,1,0,0,0,0,0,0,0,0,0,0
"104","PC","YOY",0.03915592028,-1.29967098358498,0.03798358734,-1.25338066362992,0.001089,-1.68865691827767,104,1,0,0,1,0,0,1,0,0,0,0,0,0,0,0,0,0,0,1,1,0,0,0,1,0,0,0,0,0,0,1,0,0,0
"105","PC","YOY",0.03915592028,-1.29967098358498,0.03798358734,-1.25338066362992,0.001089,-1.68865691827767,105,1,0,0,1,0,0,0,0,0,0,0,0,0,0,0,0,0,0,1,1,0,0,0,1,0,0,0,0,0,0,0,0,0,0
"106","PC","YOY",0.03915592028,-1.29967098358498,0.03798358734,-1.25338066362992,0.001089,-1.68865691827767,106,1,0,0,1,0,0,0,0,0,0,0,0,0,0,0,0,0,0,1,1,0,0,0,1,0,0,0,0,0,0,0,0,0,0
"107","WBM","YOY",0.2031134173,-0.132039662054495,0.100074129,-0.280102395140961,0.002764,-0.445227833560147,107,1,0,0,1,0,0,0,0,0,0,0,0,0,0,0,0,0,0,1,1,0,0,0,0,0,0,0,0,0,0,0,0,0,0
"108","WBM","YOY",0.2031134173,-0.132039662054495,0.100074129,-0.280102395140961,0.002764,-0.445227833560147,108,1,0,0,1,0,0,0,0,0,0,0,0,0,0,0,0,0,0,1,1,0,0,0,0,0,0,0,0,0,0,0,0,0,0
"109","WBM","YOY",0.2031134173,-0.132039662054495,0.100074129,-0.280102395140961,0.002764,-0.445227833560147,109,1,0,0,1,1,0,0,0,0,0,0,0,1,0,0,0,0,0,1,1,0,0,0,1,0,0,0,0,0,0,0,0,0,0
"110","WBM","YOY",0.2031134173,-0.132039662054495,0.100074129,-0.280102395140961,0.002764,-0.445227833560147,110,1,0,0,1,0,0,1,0,0,0,0,0,0,0,0,0,0,0,1,1,0,0,0,1,0,0,0,0,0,0,0,0,0,0
"111","WBM","YOY",0.2031134173,-0.132039662054495,0.100074129,-0.280102395140961,0.002764,-0.445227833560147,111,1,0,0,1,0,0,0,0,0,0,0,0,0,0,0,0,0,0,1,1,0,0,0,1,0,0,0,0,1,0,0,1,0,0
"112","WBM","YOY",0.2031134173,-0.132039662054495,0.100074129,-0.280102395140961,0.002764,-0.445227833560147,112,1,0,0,1,0,0,0,0,0,0,0,0,0,0,0,0,0,0,1,1,0,0,0,0,0,0,0,0,1,0,0,0,0,0
"113","WBM","YOY",0.2031134173,-0.132039662054495,0.100074129,-0.280102395140961,0.002764,-0.445227833560147,113,1,0,1,1,0,0,0,0,0,0,0,0,0,0,0,0,0,0,1,1,0,0,0,0,0,0,0,0,0,0,0,0,0,0
"114","WBM","YOY",0.2031134173,-0.132039662054495,0.100074129,-0.280102395140961,0.002764,-0.445227833560147,114,1,0,0,1,0,0,0,0,0,0,0,0,0,0,0,0,0,0,1,1,0,0,0,1,0,0,0,0,0,0,0,0,0,0
"115","WBM","YOY",0.2031134173,-0.132039662054495,0.100074129,-0.280102395140961,0.002764,-0.445227833560147,115,1,0,0,1,0,0,1,0,0,0,0,0,0,0,0,0,0,0,1,1,0,0,0,1,0,0,0,0,0,0,0,0,0,0
"116","WBM","YOY",0.2031134173,-0.132039662054495,0.100074129,-0.280102395140961,0.002764,-0.445227833560147,116,1,0,0,1,0,0,1,0,0,0,0,0,0,0,0,0,0,0,1,1,0,0,0,1,0,0,0,0,0,0,0,0,0,0
"117","ANT","YOY",0.6362811791,1.09475596588008,0.2142101285,0.562706636718995,0.00296,-0.299728072005141,117,1,0,0,1,0,0,0,0,0,0,0,0,0,0,0,0,0,0,1,0,0,0,0,0,0,0,0,0,1,0,0,0,0,0
"118","ANT","YOY",0.6362811791,1.09475596588008,0.2142101285,0.562706636718995,0.00296,-0.299728072005141,118,1,0,1,1,1,0,0,0,0,0,0,0,1,1,0,0,0,0,0,0,0,0,0,0,0,0,0,0,0,0,0,0,0,0
"119","ANT","YOY",0.6362811791,1.09475596588008,0.2142101285,0.562706636718995,0.00296,-0.299728072005141,119,1,0,1,1,1,0,0,0,0,0,0,0,1,0,0,0,0,0,1,1,0,0,0,1,0,0,0,1,0,0,0,0,0,0
"120","ANT","YOY",0.6362811791,1.09475596588008,0.2142101285,0.562706636718995,0.00296,-0.299728072005141,120,1,1,1,1,1,0,0,0,0,0,0,0,1,1,0,0,0,0,0,0,0,0,0,0,0,0,0,0,0,0,0,0,0,0
"121","ANT","YOY",0.6362811791,1.09475596588008,0.2142101285,0.562706636718995,0.00296,-0.299728072005141,121,1,1,1,1,0,0,0,0,0,0,0,1,0,1,0,0,0,0,1,1,0,0,0,1,0,0,0,1,0,0,0,0,0,0
"122","ANT","YOY",0.6362811791,1.09475596588008,0.2142101285,0.562706636718995,0.00296,-0.299728072005141,122,1,1,1,1,0,0,0,0,0,0,0,1,1,1,0,0,0,0,1,1,0,0,0,1,0,0,0,1,0,0,0,0,0,0
"123","ANT","YOY",0.6362811791,1.09475596588008,0.2142101285,0.562706636718995,0.00296,-0.299728072005141,123,1,1,1,1,0,0,0,0,0,0,0,0,0,1,0,0,0,0,0,0,0,0,0,0,0,0,0,0,0,0,0,0,0,0
"124","ANT","YOY",0.6362811791,1.09475596588008,0.2142101285,0.562706636718995,0.00296,-0.299728072005141,124,1,1,1,1,0,0,0,0,0,0,0,0,0,0,0,0,0,0,0,0,0,0,0,0,0,0,0,0,0,0,0,0,0,0
"125","ANT","YOY",0.6362811791,1.09475596588008,0.2142101285,0.562706636718995,0.00296,-0.299728072005141,125,1,1,1,1,0,0,0,0,0,0,0,0,0,0,0,0,0,0,0,0,0,0,0,0,0,0,0,0,0,0,0,0,0,0
"126","ANT","YOY",0.6362811791,1.09475596588008,0.2142101285,0.562706636718995,0.00296,-0.299728072005141,126,1,0,1,1,0,0,0,0,0,0,0,0,1,1,0,0,0,0,0,1,0,0,0,0,0,0,0,0,0,0,0,0,0,0
"127","WBM","Ovary",0.2031134173,-0.132039662054495,0.100074129,-0.280102395140961,0.002764,-0.445227833560147,127,1,0,1,1,1,0,0,0,0,0,0,0,0,0,0,0,0,0,1,1,0,0,0,0,0,0,0,0,0,1,0,0,0,0
"128","WBM","Ovary",0.2031134173,-0.132039662054495,0.100074129,-0.280102395140961,0.002764,-0.445227833560147,128,1,0,1,1,1,1,0,0,0,0,0,0,0,1,0,0,0,0,1,1,0,0,0,0,0,0,0,0,0,0,0,0,0,0
"129","WBM","Ovary",0.2031134173,-0.132039662054495,0.100074129,-0.280102395140961,0.002764,-0.445227833560147,129,1,0,1,1,1,1,0,0,0,0,0,0,0,0,0,0,0,0,1,1,0,0,0,0,0,0,0,0,0,0,0,0,0,0
"130","WBM","Ovary",0.2031134173,-0.132039662054495,0.100074129,-0.280102395140961,0.002764,-0.445227833560147,130,1,0,1,1,1,1,0,0,0,0,0,0,0,1,0,0,0,0,1,1,0,0,0,0,0,0,0,0,0,0,0,0,0,0
"131","WBM","Ovary",0.2031134173,-0.132039662054495,0.100074129,-0.280102395140961,0.002764,-0.445227833560147,131,1,0,1,1,1,0,0,0,0,0,0,0,1,0,0,0,0,0,0,0,0,0,0,0,0,0,0,0,0,0,0,0,0,0
"132","WBM","Ovary",0.2031134173,-0.132039662054495,0.100074129,-0.280102395140961,0.002764,-0.445227833560147,132,1,0,1,1,1,0,0,0,0,0,0,0,1,1,0,0,0,0,1,1,0,0,0,0,0,0,0,0,0,0,0,0,0,0
"133","WBM","Ovary",0.2031134173,-0.132039662054495,0.100074129,-0.280102395140961,0.002764,-0.445227833560147,133,1,0,1,1,1,0,0,0,0,0,0,0,1,0,0,0,0,0,1,0,0,0,0,0,0,0,0,0,0,0,0,0,0,0
"134","WBM","Ovary",0.2031134173,-0.132039662054495,0.100074129,-0.280102395140961,0.002764,-0.445227833560147,134,1,0,1,1,1,0,0,0,0,0,0,0,1,0,0,0,0,0,1,1,0,0,0,0,0,0,0,0,0,0,0,0,0,0
"135","WBM","Ovary",0.2031134173,-0.132039662054495,0.100074129,-0.280102395140961,0.002764,-0.445227833560147,135,1,0,1,1,1,0,0,0,0,0,0,0,0,1,0,0,0,0,1,1,0,0,0,0,0,0,0,0,0,0,0,0,0,0
"136","WBM","Ovary",0.2031134173,-0.132039662054495,0.100074129,-0.280102395140961,0.002764,-0.445227833560147,136,1,0,1,1,1,0,0,0,0,0,0,0,1,1,0,0,0,0,1,1,0,0,0,0,0,0,0,0,0,0,0,0,0,0
"137","ANT","Ovary",0.6362811791,1.09475596588008,0.2142101285,0.562706636718995,0.00296,-0.299728072005141,137,1,0,1,0,1,0,0,0,0,0,0,0,1,1,0,0,0,0,1,1,0,0,0,1,0,0,0,0,0,0,0,0,0,0
"138","ANT","Ovary",0.6362811791,1.09475596588008,0.2142101285,0.562706636718995,0.00296,-0.299728072005141,138,1,0,1,0,1,0,0,0,0,0,0,0,1,0,0,0,0,0,0,0,0,0,0,0,0,0,0,0,0,0,0,0,0,0
"139","ANT","Ovary",0.6362811791,1.09475596588008,0.2142101285,0.562706636718995,0.00296,-0.299728072005141,139,1,1,0,1,1,0,0,0,0,0,0,0,0,1,0,0,0,1,1,0,0,0,0,0,0,0,0,1,0,0,0,1,0,0
"140","ANT","Ovary",0.6362811791,1.09475596588008,0.2142101285,0.562706636718995,0.00296,-0.299728072005141,140,1,1,1,1,1,0,0,0,0,0,0,0,0,1,0,0,0,1,1,0,0,0,0,0,0,0,0,1,0,0,0,1,0,0
"141","ANT","Ovary",0.6362811791,1.09475596588008,0.2142101285,0.562706636718995,0.00296,-0.299728072005141,141,1,1,0,1,1,0,0,0,0,0,0,1,0,1,0,0,0,1,1,0,0,0,1,0,0,0,0,1,0,0,0,1,0,0
"142","PC","Ovary",0.03915592028,-1.29967098358498,0.03798358734,-1.25338066362992,0.001089,-1.68865691827767,142,1,1,0,1,1,0,0,0,0,0,0,1,0,1,0,0,0,1,1,0,0,0,1,0,0,1,0,1,0,0,0,1,0,0
"143","PC","Ovary",0.03915592028,-1.29967098358498,0.03798358734,-1.25338066362992,0.001089,-1.68865691827767,143,1,1,1,1,1,0,0,0,0,0,0,1,0,0,0,0,0,1,1,0,0,0,0,0,0,0,0,1,0,0,0,1,0,0
"144","PC","Ovary",0.03915592028,-1.29967098358498,0.03798358734,-1.25338066362992,0.001089,-1.68865691827767,144,1,1,1,1,1,0,0,0,0,0,0,1,0,0,0,0,0,1,1,0,0,0,0,0,0,0,0,1,0,0,0,1,0,0
"145","PC","Ovary",0.03915592028,-1.29967098358498,0.03798358734,-1.25338066362992,0.001089,-1.68865691827767,145,1,1,1,1,1,0,0,0,1,0,0,0,0,0,0,0,0,1,1,0,0,0,1,0,1,0,0,1,0,0,0,1,0,0
"146","PC","Ovary",0.03915592028,-1.29967098358498,0.03798358734,-1.25338066362992,0.001089,-1.68865691827767,146,1,1,1,1,1,0,0,0,1,0,0,0,0,1,0,0,0,1,1,0,0,0,0,0,0,0,0,1,0,0,0,1,0,0
"147","BE","Ovary",0.09188749209,-0.720440462850346,0.3779506195,1.31604046141245,0.004665,0.965971384378968,147,1,1,0,1,1,0,0,0,0,0,0,1,0,1,0,0,0,1,1,0,0,0,0,0,0,0,0,1,0,0,0,1,0,0
"148","BE","Ovary",0.09188749209,-0.720440462850346,0.3779506195,1.31604046141245,0.004665,0.965971384378968,148,1,1,1,1,1,0,0,0,0,0,0,0,0,0,0,0,0,1,1,0,0,0,0,0,0,0,0,0,0,0,0,1,0,0
"149","BE","Ovary",0.09188749209,-0.720440462850346,0.3779506195,1.31604046141245,0.004665,0.965971384378968,149,1,1,1,1,1,0,0,0,0,0,0,1,0,0,0,0,0,1,1,0,0,0,1,0,0,0,0,0,0,0,0,1,0,0
"150","BE","Ovary",0.09188749209,-0.720440462850346,0.3779506195,1.31604046141245,0.004665,0.965971384378968,150,1,1,1,1,1,0,0,0,0,0,0,1,0,0,0,0,0,1,1,0,0,0,0,0,0,0,0,1,0,0,0,1,0,0
"151","BE","Ovary",0.09188749209,-0.720440462850346,0.3779506195,1.31604046141245,0.004665,0.965971384378968,151,1,1,1,1,1,0,0,0,1,0,0,1,0,0,0,0,0,1,1,0,0,0,1,0,0,0,0,1,0,0,0,1,0,0
"152","BE","Ovary",0.09188749209,-0.720440462850346,0.3779506195,1.31604046141245,0.004665,0.965971384378968,152,1,1,1,1,1,0,0,0,0,0,0,1,0,0,0,0,0,1,1,0,0,0,0,0,0,0,0,0,0,0,0,1,0,0
"153","BE","Ovary",0.09188749209,-0.720440462850346,0.3779506195,1.31604046141245,0.004665,0.965971384378968,153,1,1,1,1,1,0,0,0,1,0,0,1,0,0,0,0,0,1,1,0,0,0,1,0,0,0,0,1,0,0,0,1,0,0
"154","BE","Ovary",0.09188749209,-0.720440462850346,0.3779506195,1.31604046141245,0.004665,0.965971384378968,154,1,1,1,1,1,0,0,0,0,0,0,0,0,0,0,0,0,1,1,0,0,0,0,0,0,0,0,0,0,0,0,1,0,0
"155","BE","Ovary",0.09188749209,-0.720440462850346,0.3779506195,1.31604046141245,0.004665,0.965971384378968,155,1,1,1,1,1,0,0,0,0,0,0,1,0,0,0,0,0,1,1,0,0,0,0,0,0,0,0,0,0,0,0,1,0,0
"156","BE","Ovary",0.09188749209,-0.720440462850346,0.3779506195,1.31604046141245,0.004665,0.965971384378968,156,1,1,1,1,1,0,0,0,0,1,0,1,0,0,0,0,0,1,1,0,0,0,0,0,0,0,0,0,0,0,0,1,0,0
"157","BE","YOY",0.09188749209,-0.720440462850346,0.3779506195,1.31604046141245,0.004665,0.965971384378968,157,1,0,0,1,0,0,0,0,0,0,0,0,0,0,0,0,0,1,1,0,0,0,0,0,0,0,0,0,0,0,0,0,0,0
"158","BE","YOY",0.09188749209,-0.720440462850346,0.3779506195,1.31604046141245,0.004665,0.965971384378968,158,1,0,1,1,1,0,0,0,0,0,0,1,0,0,0,1,0,0,1,0,0,0,0,0,0,0,0,0,0,1,0,0,0,0
"159","BE","YOY",0.09188749209,-0.720440462850346,0.3779506195,1.31604046141245,0.004665,0.965971384378968,159,1,0,0,1,1,0,0,0,0,0,0,0,0,0,0,0,0,0,0,0,0,0,0,0,0,0,0,0,0,0,0,0,0,0
"160","BE","YOY",0.09188749209,-0.720440462850346,0.3779506195,1.31604046141245,0.004665,0.965971384378968,160,1,0,1,1,1,0,0,0,0,0,0,0,1,0,0,1,0,1,0,0,0,0,0,0,0,1,0,1,0,1,0,0,0,0
"161","BE","YOY",0.09188749209,-0.720440462850346,0.3779506195,1.31604046141245,0.004665,0.965971384378968,161,1,0,0,1,0,0,0,0,0,0,0,0,0,0,0,0,0,0,1,0,0,0,0,0,0,0,0,0,0,0,0,0,0,0
"162","BE","YOY",0.09188749209,-0.720440462850346,0.3779506195,1.31604046141245,0.004665,0.965971384378968,162,1,0,1,1,0,0,0,0,0,0,0,0,0,0,0,0,0,1,1,0,0,0,0,0,0,0,0,0,0,1,0,0,0,0
"163","BE","YOY",0.09188749209,-0.720440462850346,0.3779506195,1.31604046141245,0.004665,0.965971384378968,163,1,0,1,1,0,0,0,0,0,0,0,0,0,0,0,0,0,1,1,0,0,0,0,0,0,0,0,0,0,1,0,0,0,0
"164","BE","YOY",0.09188749209,-0.720440462850346,0.3779506195,1.31604046141245,0.004665,0.965971384378968,164,1,0,1,1,1,0,0,0,0,0,0,1,1,0,0,0,0,1,1,0,0,0,1,0,0,1,0,0,0,0,0,0,0,0
"165","BE","YOY",0.09188749209,-0.720440462850346,0.3779506195,1.31604046141245,0.004665,0.965971384378968,165,1,0,1,1,0,0,0,0,0,0,0,0,1,0,0,0,0,1,1,0,0,0,0,0,0,1,0,0,0,1,0,0,0,0
"166","BE","YOY",0.09188749209,-0.720440462850346,0.3779506195,1.31604046141245,0.004665,0.965971384378968,166,1,0,1,1,1,0,1,1,1,0,0,0,1,1,0,1,0,1,1,0,0,0,1,0,1,1,1,1,0,1,0,0,0,0
"177","POT","Ovary",0.7435008666,1.41637950075991,0.0719237435,-0.619518112308489,0.005436,1.53831993621014,177,1,0,0,1,0,0,0,0,0,0,1,0,0,0,0,0,1,0,0,0,0,0,0,0,0,0,0,0,0,0,0,1,0,0
"178","POT","Ovary",0.7435008666,1.41637950075991,0.0719237435,-0.619518112308489,0.005436,1.53831993621014,178,1,0,1,1,0,0,0,0,0,0,1,0,0,0,0,0,1,0,0,0,0,0,0,0,0,0,0,0,0,0,0,1,0,0
"179","POT","Ovary",0.7435008666,1.41637950075991,0.0719237435,-0.619518112308489,0.005436,1.53831993621014,179,1,0,0,1,0,0,0,0,0,0,1,0,0,0,0,0,1,0,0,0,0,0,0,0,0,0,0,0,0,0,0,1,0,1
"180","POT","Ovary",0.7435008666,1.41637950075991,0.0719237435,-0.619518112308489,0.005436,1.53831993621014,180,1,0,0,1,1,1,1,1,1,0,0,1,0,1,0,0,1,1,0,1,0,1,0,0,0,0,1,0,0,1,1,1,0,1
"181","POT","Ovary",0.7435008666,1.41637950075991,0.0719237435,-0.619518112308489,0.005436,1.53831993621014,181,1,0,0,1,1,0,0,0,0,0,1,0,0,0,0,0,1,0,0,0,0,1,0,0,0,0,0,0,0,0,0,1,0,1
"182","POT","Ovary",0.7435008666,1.41637950075991,0.0719237435,-0.619518112308489,0.005436,1.53831993621014,182,1,0,0,1,0,0,1,0,0,0,1,1,0,0,0,0,1,0,0,0,0,0,0,0,0,0,0,0,0,1,0,1,0,1
"183","POT","Ovary",0.7435008666,1.41637950075991,0.0719237435,-0.619518112308489,0.005436,1.53831993621014,183,1,0,0,1,0,0,0,0,0,0,1,0,0,0,0,0,1,0,0,0,0,0,0,0,0,0,0,0,0,0,0,1,0,1
"184","POT","Ovary",0.7435008666,1.41637950075991,0.0719237435,-0.619518112308489,0.005436,1.53831993621014,184,1,0,1,1,0,0,1,0,0,0,1,1,0,0,0,0,1,0,0,0,0,0,0,0,0,0,0,0,0,0,0,1,1,1
"185","POT","Ovary",0.7435008666,1.41637950075991,0.0719237435,-0.619518112308489,0.005436,1.53831993621014,185,1,0,0,1,0,0,1,0,0,0,1,1,0,0,0,0,1,0,0,0,0,0,0,0,0,1,0,0,0,0,0,1,0,1
"186","POT","Ovary",0.7435008666,1.41637950075991,0.0719237435,-0.619518112308489,0.005436,1.53831993621014,186,1,1,1,1,1,0,0,0,1,0,0,1,0,0,0,0,0,1,1,0,0,0,1,0,0,0,0,0,0,0,0,1,0,0
