"","Site","Tissue","PCT.AG","ag.logit.z","PCT.DEV","dev.logit.z","BMP","BMP.z","Observation","Total_PCB","Pentachlorobenzene","Hexachlorobenzene","Heptachlor","Octachlorostyrene","o,p'-DDE","p,p'-DDE","o,p'-DDT","Mirex","Galaxolide","Tonalide","Bromacil","Carbazole","Chlorpyrifos","Diazinon","Prometon","Diethyl phthalate","Diethylhexylphthalate (DEHP)","Tributyl phosphate (TBP)","Tris(2-chloroethyl)phosphate (TCEP)","Triphenyl phosphate (TPP)","1-methyl naphthalene","2,6-dimethyl naphthalene","2-methyl naphthalene","Anthracene","Fluoranthene","Naphthalene","Phenanthrene","Pyrene","Acetophenone","Anthraquinone","Benzophenone","Caffeine","Camphor","Cotinine","Ethyl citrate","Indole","Isophorone","Menthol","Methyl salicylate","Methyl Triclosan","N,N-diethyltoluamide (DEET)","p-Octylphenol","Traseolide","d-limonene","triethyl citrate"
"1","POT","Ovary",0.7435008666,1.41637950075991,0.0719237435,-0.619518112308489,0.005436,1.53831993621014,1,1,0,0,0,0,0,1,0,0,0,0,0,0,0,0,0,1,0,0,0,0,0,0,0,1,0,1,1,0,0,0,1,0,1,0,0,0,0,0,0,0,1,0,0,0,1
"2","POT","Ovary",0.7435008666,1.41637950075991,0.0719237435,-0.619518112308489,0.005436,1.53831993621014,2,1,0,1,0,0,0,1,0,0,1,0,0,0,0,0,0,1,0,0,0,0,0,0,0,1,0,1,0,0,0,1,1,0,0,0,0,0,0,0,0,1,0,0,0,0,0
"3","POT","Ovary",0.7435008666,1.41637950075991,0.0719237435,-0.619518112308489,0.005436,1.53831993621014,3,1,0,1,0,0,0,1,0,0,0,0,0,0,0,0,0,1,0,0,0,0,0,0,0,1,0,1,1,0,0,0,1,0,1,0,0,0,0,0,1,1,1,0,0,0,1
"4","POT","Ovary",0.7435008666,1.41637950075991,0.0719237435,-0.619518112308489,0.005436,1.53831993621014,4,1,0,1,0,0,0,1,0,0,1,0,0,0,0,0,0,1,0,0,0,0,0,0,0,1,0,1,1,0,0,1,1,0,1,0,0,0,0,0,0,1,1,0,0,0,1
"5","POT","Ovary",0.7435008666,1.41637950075991,0.0719237435,-0.619518112308489,0.005436,1.53831993621014,5,1,0,1,0,0,0,1,0,0,1,0,0,0,0,0,0,1,0,0,0,0,0,0,0,1,0,1,1,0,0,0,0,0,0,0,0,0,0,0,0,1,1,0,0,0,0
"6","POT","Ovary",0.7435008666,1.41637950075991,0.0719237435,-0.619518112308489,0.005436,1.53831993621014,6,1,0,1,0,0,0,1,0,0,1,0,0,0,0,0,0,1,0,0,0,0,0,0,0,1,0,1,1,0,0,0,0,0,0,0,0,0,0,0,0,1,1,0,0,0,1
"7","POT","Ovary",0.7435008666,1.41637950075991,0.0719237435,-0.619518112308489,0.005436,1.53831993621014,7,1,0,1,0,0,0,1,0,0,0,0,0,0,0,0,0,0,0,0,0,0,0,0,0,1,0,1,1,0,0,0,0,0,0,0,0,0,0,0,0,0,0,0,0,0,0
"8","POT","Ovary",0.7435008666,1.41637950075991,0.0719237435,-0.619518112308489,0.005436,1.53831993621014,8,1,0,1,0,0,0,1,0,0,1,0,0,0,0,0,0,1,0,0,0,0,0,0,0,1,0,1,1,0,0,1,1,0,0,0,0,0,0,0,0,0,1,0,0,0,1
"9","POT","Ovary",0.7435008666,1.41637950075991,0.0719237435,-0.619518112308489,0.005436,1.53831993621014,9,1,0,1,0,0,0,1,0,0,1,0,0,0,0,0,0,1,0,0,0,0,0,0,1,1,0,1,1,0,0,1,1,0,0,0,0,0,0,0,0,1,0,0,0,0,1
"10","POT","Ovary",0.7435008666,1.41637950075991,0.0719237435,-0.619518112308489,0.005436,1.53831993621014,10,1,0,1,0,0,0,1,0,0,1,0,0,0,0,0,0,1,0,0,0,0,0,0,1,1,0,1,1,0,0,1,1,0,0,0,0,0,0,0,0,1,0,0,0,0,0
"11","MON","Ovary",0.08183538316,-0.801239524500942,0.4822611164,1.71764622104881,0.002375,-0.7340003195035,11,1,0,1,1,0,0,1,1,1,1,0,0,0,0,0,0,1,0,0,0,0,0,0,0,0,0,1,1,0,0,0,1,0,0,0,0,0,0,0,0,1,0,0,0,0,1
"12","MON","Ovary",0.08183538316,-0.801239524500942,0.4822611164,1.71764622104881,0.002375,-0.7340003195035,12,1,0,1,0,0,0,1,1,1,1,1,0,0,0,0,0,1,0,0,0,0,0,0,0,1,0,1,1,0,0,1,0,0,0,0,0,0,0,0,0,1,0,0,0,0,0
"13","MON","Ovary",0.08183538316,-0.801239524500942,0.4822611164,1.71764622104881,0.002375,-0.7340003195035,13,1,0,1,0,0,0,1,0,1,1,0,0,0,0,0,0,1,0,0,0,0,0,0,0,0,0,0,1,0,0,0,1,0,0,0,0,0,0,0,0,1,0,0,0,0,0
"14","MON","Ovary",0.08183538316,-0.801239524500942,0.4822611164,1.71764622104881,0.002375,-0.7340003195035,14,1,0,1,0,0,0,1,1,1,1,0,0,0,0,0,0,1,0,0,0,0,0,0,0,1,0,1,1,0,0,1,0,0,0,0,0,0,0,0,0,1,0,0,0,0,0
"15","MON","Ovary",0.08183538316,-0.801239524500942,0.4822611164,1.71764622104881,0.002375,-0.7340003195035,15,1,0,1,0,0,0,1,1,1,1,1,0,0,0,0,0,1,0,0,0,0,0,0,0,1,0,1,1,0,0,1,0,0,0,0,0,0,0,0,0,1,0,0,0,0,0
"16","MON","Ovary",0.08183538316,-0.801239524500942,0.4822611164,1.71764622104881,0.002375,-0.7340003195035,16,1,0,1,0,0,0,1,1,0,1,1,0,0,0,0,0,1,0,0,0,0,0,0,1,1,0,1,1,0,0,1,1,0,0,0,0,0,0,0,0,1,0,0,1,0,0
"17","MON","Ovary",0.08183538316,-0.801239524500942,0.4822611164,1.71764622104881,0.002375,-0.7340003195035,17,1,0,1,0,0,0,1,0,0,1,1,0,0,0,0,0,1,0,0,0,0,0,0,0,0,1,0,1,0,0,0,1,0,0,0,0,0,0,0,0,1,0,0,1,0,0
"18","MON","Ovary",0.08183538316,-0.801239524500942,0.4822611164,1.71764622104881,0.002375,-0.7340003195035,18,1,0,1,0,0,0,1,0,0,1,1,0,0,0,0,0,1,0,0,0,0,0,0,0,0,0,1,1,0,0,0,0,0,0,0,0,0,0,0,0,1,0,0,1,0,0
"19","MON","Ovary",0.08183538316,-0.801239524500942,0.4822611164,1.71764622104881,0.002375,-0.7340003195035,19,1,0,1,0,0,0,1,1,1,1,1,0,0,0,0,0,1,0,0,0,0,0,0,0,1,0,1,1,0,0,1,0,0,0,0,0,0,0,0,0,1,0,0,0,0,0
"20","MON","Ovary",0.08183538316,-0.801239524500942,0.4822611164,1.71764622104881,0.002375,-0.7340003195035,20,1,0,1,0,0,0,1,1,1,1,1,0,0,0,0,0,1,0,0,0,0,0,0,1,1,0,1,1,1,0,1,0,0,0,0,0,0,0,0,0,1,0,0,0,0,0
"21","POT","Ovary",0.7435008666,1.41637950075991,0.0719237435,-0.619518112308489,0.005436,1.53831993621014,21,1,0,1,0,0,0,1,0,0,1,1,0,0,0,0,0,1,0,0,0,0,0,1,1,1,0,1,1,0,0,1,0,0,0,0,0,0,0,0,0,1,0,0,0,0,0
"22","POT","Ovary",0.7435008666,1.41637950075991,0.0719237435,-0.619518112308489,0.005436,1.53831993621014,22,1,0,1,0,0,0,1,1,1,1,0,0,0,0,0,0,1,0,0,0,0,0,1,1,1,0,1,1,0,0,1,1,0,0,0,0,0,0,0,0,1,0,0,0,0,0
"23","POT","Ovary",0.7435008666,1.41637950075991,0.0719237435,-0.619518112308489,0.005436,1.53831993621014,23,1,0,1,0,0,0,1,0,0,1,0,0,0,0,0,0,1,0,0,0,0,0,1,1,1,0,1,1,0,0,1,1,0,0,0,0,0,0,0,0,1,0,0,0,0,0
"24","POT","Ovary",0.7435008666,1.41637950075991,0.0719237435,-0.619518112308489,0.005436,1.53831993621014,24,1,0,1,1,0,1,1,0,1,1,1,0,0,0,0,0,1,0,0,0,0,0,1,1,1,0,1,1,0,0,1,0,0,0,0,0,0,0,0,0,1,0,0,1,0,0
"25","POT","Ovary",0.7435008666,1.41637950075991,0.0719237435,-0.619518112308489,0.005436,1.53831993621014,25,1,0,1,0,0,0,1,0,1,1,1,0,0,0,0,0,1,0,0,0,0,0,1,1,1,0,1,1,0,0,1,0,0,0,0,0,0,0,0,0,1,0,0,0,0,0
"26","POT","Ovary",0.7435008666,1.41637950075991,0.0719237435,-0.619518112308489,0.005436,1.53831993621014,26,1,0,1,0,0,0,1,0,1,1,1,0,0,0,0,0,1,0,0,0,0,1,1,1,1,0,1,1,0,0,1,0,0,0,0,0,0,0,0,0,1,0,0,0,0,0
"27","POT","Ovary",0.7435008666,1.41637950075991,0.0719237435,-0.619518112308489,0.005436,1.53831993621014,27,1,0,1,0,0,0,1,1,1,1,0,0,0,0,0,0,1,0,0,0,0,0,1,1,0,1,0,1,0,0,0,0,0,0,0,0,0,0,0,0,1,0,0,0,0,0
"28","POT","Ovary",0.7435008666,1.41637950075991,0.0719237435,-0.619518112308489,0.005436,1.53831993621014,28,1,0,1,0,0,0,1,1,1,1,1,0,0,0,0,0,1,0,0,0,0,0,1,1,1,0,1,1,0,0,1,0,0,0,0,0,0,0,0,0,1,0,0,0,0,0
"29","POT","Ovary",0.7435008666,1.41637950075991,0.0719237435,-0.619518112308489,0.005436,1.53831993621014,29,1,0,1,0,0,0,1,0,0,1,1,0,0,0,0,0,1,0,0,0,0,1,1,1,1,0,1,1,0,0,1,1,0,0,0,0,0,0,0,0,1,0,0,0,0,0
"30","SUSHA","Ovary",0.00990350432,-2.19429038967209,0.3864906044,1.35003587357929,0.002771,-0.440031413504611,30,1,0,1,0,0,0,1,0,1,1,1,0,0,0,0,0,1,0,0,0,0,0,0,0,0,0,0,0,0,1,0,1,0,0,0,0,0,0,0,0,1,0,0,0,0,0
"31","SUSHA","Ovary",0.00990350432,-2.19429038967209,0.3864906044,1.35003587357929,0.002771,-0.440031413504611,31,1,0,1,0,0,0,1,0,0,1,0,0,0,0,0,0,0,0,0,0,0,0,0,0,0,0,0,0,0,0,0,0,0,0,0,0,0,0,0,0,1,0,0,0,0,0
"32","SUSHA","Ovary",0.00990350432,-2.19429038967209,0.3864906044,1.35003587357929,0.002771,-0.440031413504611,32,1,0,1,0,0,0,1,0,1,1,0,0,0,0,1,0,0,0,0,0,0,0,0,0,0,0,0,0,0,0,0,0,0,0,0,0,0,0,0,0,1,0,0,0,0,0
"33","SUSHA","Ovary",0.00990350432,-2.19429038967209,0.3864906044,1.35003587357929,0.002771,-0.440031413504611,33,1,0,1,0,1,0,1,0,0,1,1,0,0,0,0,0,0,1,0,0,0,0,0,0,1,0,1,0,0,1,0,0,0,0,0,0,0,0,0,0,1,0,0,0,0,0
"34","SUSHA","Ovary",0.00990350432,-2.19429038967209,0.3864906044,1.35003587357929,0.002771,-0.440031413504611,34,1,0,1,0,1,0,1,0,1,1,1,0,0,0,0,0,0,0,0,0,0,0,0,0,0,0,1,1,0,0,0,0,0,0,0,0,0,0,0,0,1,0,0,0,0,0
"35","SUSHA","Ovary",0.00990350432,-2.19429038967209,0.3864906044,1.35003587357929,0.002771,-0.440031413504611,35,1,0,1,0,1,0,1,0,1,1,0,0,0,0,0,0,0,1,0,0,0,0,0,0,0,1,0,0,0,1,0,0,0,0,0,0,0,0,0,0,1,0,0,0,0,0
"36","SUSHA","Ovary",0.00990350432,-2.19429038967209,0.3864906044,1.35003587357929,0.002771,-0.440031413504611,36,1,0,1,0,1,0,1,0,1,1,0,0,0,0,0,0,0,0,0,0,0,0,0,0,0,0,0,0,0,0,0,0,0,0,0,0,0,0,0,0,1,0,0,0,0,0
"37","SUSHA","Ovary",0.00990350432,-2.19429038967209,0.3864906044,1.35003587357929,0.002771,-0.440031413504611,37,1,0,1,0,1,0,1,0,1,1,0,0,0,0,0,0,0,0,0,0,0,0,0,0,0,0,1,0,0,0,0,0,0,0,0,0,0,0,0,0,1,0,0,0,0,0
"38","SUSHA","Ovary",0.00990350432,-2.19429038967209,0.3864906044,1.35003587357929,0.002771,-0.440031413504611,38,1,0,1,0,1,0,1,1,0,1,0,0,0,0,0,0,0,0,0,0,0,0,0,0,1,1,1,0,0,0,0,1,0,0,0,0,0,0,0,0,1,0,0,0,0,0
"39","WYA","Ovary",0.2693745328,0.103070598722076,0.04834288562,-1.01652540340133,0.002109,-0.931464281613866,39,1,0,1,0,1,0,1,0,0,0,0,0,0,0,0,0,0,1,0,0,0,0,0,0,1,0,1,1,0,1,0,1,0,0,0,0,0,0,0,0,1,0,0,0,0,0
"40","WYA","Ovary",0.2693745328,0.103070598722076,0.04834288562,-1.01652540340133,0.002109,-0.931464281613866,40,1,0,1,0,1,0,1,0,1,0,0,0,0,0,0,0,0,0,0,0,0,0,0,0,0,0,1,0,0,0,0,0,0,0,0,0,0,0,0,0,1,0,0,0,0,0
"41","WYA","Ovary",0.2693745328,0.103070598722076,0.04834288562,-1.01652540340133,0.002109,-0.931464281613866,41,1,0,1,0,1,0,1,0,0,1,0,0,0,0,0,0,0,0,0,0,0,0,0,0,0,0,1,1,0,1,0,0,0,0,0,0,0,0,0,0,1,0,0,0,0,0
"42","WYA","Ovary",0.2693745328,0.103070598722076,0.04834288562,-1.01652540340133,0.002109,-0.931464281613866,42,1,0,1,0,1,0,1,0,1,0,0,0,0,0,0,0,0,0,0,0,0,0,0,0,0,0,1,0,0,0,0,0,0,0,0,0,0,0,0,0,1,0,0,0,0,0
"43","WYA","Ovary",0.2693745328,0.103070598722076,0.04834288562,-1.01652540340133,0.002109,-0.931464281613866,43,1,0,1,0,0,0,1,0,0,0,0,0,0,0,0,0,0,0,0,0,0,0,0,0,0,0,1,0,0,0,0,0,0,0,0,0,0,0,0,0,1,0,0,0,0,0
"44","WYA","Ovary",0.2693745328,0.103070598722076,0.04834288562,-1.01652540340133,0.002109,-0.931464281613866,44,1,0,1,0,0,0,1,0,0,0,0,0,0,0,0,0,0,0,0,0,0,0,0,0,0,0,1,0,0,0,0,0,0,0,0,0,0,0,0,0,1,0,0,0,0,0
"45","WYA","Ovary",0.2693745328,0.103070598722076,0.04834288562,-1.01652540340133,0.002109,-0.931464281613866,45,1,0,1,0,1,0,1,0,0,0,0,0,0,0,0,0,0,0,0,0,0,0,0,0,0,0,1,1,0,1,0,0,0,0,0,0,0,0,0,0,1,0,0,0,1,0
"46","WYA","Ovary",0.2693745328,0.103070598722076,0.04834288562,-1.01652540340133,0.002109,-0.931464281613866,46,1,0,1,0,1,0,1,0,0,0,0,0,0,0,0,0,0,0,0,0,0,0,0,0,0,0,1,0,0,0,0,0,0,0,0,0,0,0,0,0,1,0,0,0,0,0
"47","WYA","Ovary",0.2693745328,0.103070598722076,0.04834288562,-1.01652540340133,0.002109,-0.931464281613866,47,1,0,1,0,1,0,1,0,0,1,0,0,0,0,0,0,0,0,0,0,0,0,0,0,0,0,1,0,0,1,0,0,0,0,0,0,0,0,0,0,1,0,0,0,0,0
"48","CHIL","Ovary",0.1742808799,-0.252183006958253,0.06651047768,-0.698531499163696,0.002648,-0.531339937337599,48,1,0,1,0,0,0,1,0,1,0,0,0,0,0,0,0,0,0,0,0,0,0,0,0,0,0,1,0,0,1,0,1,0,0,0,0,0,0,0,0,1,0,0,0,1,0
"49","CHIL","Ovary",0.1742808799,-0.252183006958253,0.06651047768,-0.698531499163696,0.002648,-0.531339937337599,49,1,0,1,0,1,0,1,0,0,1,0,0,0,0,0,0,0,0,0,0,0,0,0,0,1,0,1,1,0,0,0,0,0,0,0,0,0,0,0,0,1,0,0,0,1,0
"50","CHIL","Ovary",0.1742808799,-0.252183006958253,0.06651047768,-0.698531499163696,0.002648,-0.531339937337599,50,1,0,1,0,1,0,1,0,0,0,0,0,0,0,0,0,0,0,0,0,0,0,0,0,0,0,1,0,0,1,0,1,0,0,0,0,0,0,0,0,1,0,0,0,1,0
"51","CHIL","Ovary",0.1742808799,-0.252183006958253,0.06651047768,-0.698531499163696,0.002648,-0.531339937337599,51,1,0,1,0,1,0,1,0,1,1,1,0,0,0,0,0,0,1,0,0,0,0,0,0,1,0,1,0,0,1,0,0,0,0,0,0,0,0,0,0,1,0,0,0,1,0
"52","CHIL","Ovary",0.1742808799,-0.252183006958253,0.06651047768,-0.698531499163696,0.002648,-0.531339937337599,52,1,0,1,0,1,0,1,0,0,0,0,0,0,0,0,0,0,0,0,0,0,0,0,0,1,0,1,0,0,1,0,0,0,0,0,0,0,0,0,0,1,0,0,0,1,0
"53","CHIL","Ovary",0.1742808799,-0.252183006958253,0.06651047768,-0.698531499163696,0.002648,-0.531339937337599,53,1,0,1,0,1,0,1,0,0,0,0,0,0,0,0,0,0,0,0,0,0,0,0,0,0,0,1,0,0,0,0,0,0,0,0,0,0,0,0,0,1,0,0,0,1,0
"54","CHIL","Ovary",0.1742808799,-0.252183006958253,0.06651047768,-0.698531499163696,0.002648,-0.531339937337599,54,1,0,1,0,1,0,1,0,0,1,0,0,0,0,0,0,0,0,0,0,0,0,0,0,1,0,1,0,0,0,0,0,0,0,0,0,0,0,0,0,1,0,0,0,0,0
"55","CHIL","Ovary",0.1742808799,-0.252183006958253,0.06651047768,-0.698531499163696,0.002648,-0.531339937337599,55,1,0,1,0,1,0,1,0,0,0,0,0,0,0,0,0,0,0,0,0,0,0,0,0,0,0,1,0,0,0,0,0,0,0,0,0,0,0,0,0,1,0,0,0,1,0
"56","CHIL","Ovary",0.1742808799,-0.252183006958253,0.06651047768,-0.698531499163696,0.002648,-0.531339937337599,56,1,0,1,0,1,0,1,0,1,1,0,0,0,0,0,0,0,1,0,0,0,0,0,0,1,0,1,0,0,1,0,0,0,0,0,0,0,0,0,0,1,0,0,0,1,0
"57","CHIL","Ovary",0.1742808799,-0.252183006958253,0.06651047768,-0.698531499163696,0.002648,-0.531339937337599,57,1,0,1,0,1,0,1,1,1,1,0,0,0,0,0,0,1,1,0,0,0,1,0,1,1,0,1,0,0,1,0,0,0,0,0,0,0,0,0,0,1,0,0,0,1,0
"58","LOY","Ovary",0.1679861455,-0.2804492382055,0.6499257793,2.36591645324886,0.002646,-0.532824628782038,58,1,0,1,0,1,0,1,0,1,0,0,0,0,0,0,0,0,0,0,0,0,0,0,0,0,0,1,0,0,0,0,0,0,0,0,0,0,0,0,0,1,0,0,0,1,0
"59","LOY","Ovary",0.1679861455,-0.2804492382055,0.6499257793,2.36591645324886,0.002646,-0.532824628782038,59,1,0,1,0,1,0,1,0,0,0,0,0,0,0,0,0,0,0,0,0,0,0,0,0,0,0,1,0,0,0,0,0,0,0,0,0,0,0,0,0,0,0,0,0,1,0
"60","LOY","Ovary",0.1679861455,-0.2804492382055,0.6499257793,2.36591645324886,0.002646,-0.532824628782038,60,1,0,1,0,1,0,1,0,1,0,0,0,0,0,0,0,0,0,0,0,0,0,0,0,0,0,1,0,0,1,0,0,0,0,0,0,0,0,0,0,1,0,0,0,1,0
"61","LOY","Ovary",0.1679861455,-0.2804492382055,0.6499257793,2.36591645324886,0.002646,-0.532824628782038,61,1,0,1,0,0,0,1,0,1,0,0,0,0,0,0,0,0,0,0,0,0,0,0,0,0,0,1,0,0,1,0,0,0,0,0,0,0,0,0,0,1,0,0,0,1,0
"62","LOY","Ovary",0.1679861455,-0.2804492382055,0.6499257793,2.36591645324886,0.002646,-0.532824628782038,62,1,0,1,0,1,0,1,1,1,0,0,0,0,0,0,0,0,1,0,0,0,0,0,0,0,0,1,0,0,0,0,0,0,0,0,0,0,0,0,0,1,0,0,0,1,0
"63","LOY","Ovary",0.1679861455,-0.2804492382055,0.6499257793,2.36591645324886,0.002646,-0.532824628782038,63,1,0,1,0,1,0,1,0,1,0,0,0,0,0,0,0,0,0,0,0,0,0,0,0,0,0,1,0,0,0,0,1,0,0,0,0,0,0,0,0,1,0,0,0,1,0
"78","CHIL","Ovary",0.1742808799,-0.252183006958253,0.06651047768,-0.698531499163696,0.002648,-0.531339937337599,78,1,0,1,0,0,0,1,0,0,1,0,0,1,0,0,0,0,0,0,1,0,0,0,0,0,0,0,0,0,0,0,0,0,0,0,1,0,1,0,0,0,0,1,0,0,0
"79","CHIL","Ovary",0.1742808799,-0.252183006958253,0.06651047768,-0.698531499163696,0.002648,-0.531339937337599,79,1,0,1,0,0,0,1,0,1,0,0,0,1,0,0,0,0,0,1,0,1,0,0,0,0,0,0,0,1,0,0,0,0,0,0,0,0,1,0,0,0,0,0,0,0,0
"80","CHIL","Ovary",0.1742808799,-0.252183006958253,0.06651047768,-0.698531499163696,0.002648,-0.531339937337599,80,1,0,1,0,0,0,1,0,1,0,0,0,1,0,0,0,0,0,1,0,0,0,0,0,0,0,0,0,0,0,0,0,0,0,0,0,0,1,1,0,0,0,1,0,0,0
"81","CHIL","Ovary",0.1742808799,-0.252183006958253,0.06651047768,-0.698531499163696,0.002648,-0.531339937337599,81,1,0,1,0,0,0,1,0,1,0,0,0,1,1,0,0,0,0,0,0,0,0,0,0,0,0,0,0,1,0,0,0,0,0,0,0,0,1,0,0,0,0,1,0,0,0
"82","CHIL","Ovary",0.1742808799,-0.252183006958253,0.06651047768,-0.698531499163696,0.002648,-0.531339937337599,82,1,0,1,0,0,0,1,0,1,0,0,0,1,1,0,0,0,0,0,0,0,0,0,0,0,0,1,1,0,1,1,0,0,0,0,0,0,1,0,0,0,1,1,0,0,0
"83","CHIL","Ovary",0.1742808799,-0.252183006958253,0.06651047768,-0.698531499163696,0.002648,-0.531339937337599,83,1,0,1,0,0,0,1,0,1,0,0,0,1,1,0,0,0,0,0,1,0,0,0,0,0,0,0,0,1,0,0,0,0,0,0,0,0,1,0,0,0,0,0,0,0,0
"84","CHIL","Ovary",0.1742808799,-0.252183006958253,0.06651047768,-0.698531499163696,0.002648,-0.531339937337599,84,1,0,1,1,0,0,1,0,1,0,0,0,1,0,0,0,0,0,0,0,0,0,0,0,0,0,0,0,1,0,0,0,0,0,0,0,0,1,0,0,0,0,0,0,0,0
"90","CHIL","Ovary",0.1742808799,-0.252183006958253,0.06651047768,-0.698531499163696,0.002648,-0.531339937337599,90,1,0,1,0,0,0,1,0,1,0,0,0,1,0,0,0,0,0,0,0,0,0,0,0,0,0,0,0,1,0,0,0,0,0,0,0,0,1,0,0,0,1,0,0,0,0
"91","CHIL","Ovary",0.1742808799,-0.252183006958253,0.06651047768,-0.698531499163696,0.002648,-0.531339937337599,91,1,0,1,0,0,0,1,0,1,0,0,0,1,1,0,0,0,0,0,0,0,0,0,0,0,0,0,0,1,0,0,0,0,0,0,0,0,1,0,0,0,1,0,0,0,0
"92","CHIL","Ovary",0.1742808799,-0.252183006958253,0.06651047768,-0.698531499163696,0.002648,-0.531339937337599,92,1,0,1,0,0,0,1,0,1,0,0,0,1,1,0,0,0,0,0,0,0,0,0,0,0,0,0,0,1,0,0,0,0,0,0,0,0,1,0,0,0,1,0,0,0,0
"93","CHIL","Ovary",0.1742808799,-0.252183006958253,0.06651047768,-0.698531499163696,0.002648,-0.531339937337599,93,1,0,1,0,0,0,1,0,0,0,0,0,1,0,0,0,0,0,0,0,0,0,0,0,0,0,0,0,1,0,0,0,0,0,0,0,0,1,0,0,0,0,1,0,0,0
"94","CHIL","Ovary",0.1742808799,-0.252183006958253,0.06651047768,-0.698531499163696,0.002648,-0.531339937337599,94,1,0,1,0,0,0,1,0,0,0,0,0,0,0,0,0,0,0,0,0,0,0,0,0,0,0,0,0,1,0,0,0,0,0,0,0,0,1,0,0,0,1,1,0,0,0
"95","CHIL","Ovary",0.1742808799,-0.252183006958253,0.06651047768,-0.698531499163696,0.002648,-0.531339937337599,95,1,0,1,0,0,0,1,0,1,0,0,0,0,0,0,0,0,0,0,0,0,0,0,0,0,0,0,0,1,0,0,0,0,0,0,0,0,1,0,0,0,0,1,0,0,0
"96","CHIL","Ovary",0.1742808799,-0.252183006958253,0.06651047768,-0.698531499163696,0.002648,-0.531339937337599,96,1,0,1,0,0,0,1,0,0,0,0,0,1,0,0,0,0,0,0,0,0,0,0,0,0,0,0,0,1,0,0,0,0,0,0,0,0,1,1,0,0,0,0,0,0,0
"127","WBM","Ovary",0.2031134173,-0.132039662054495,0.100074129,-0.280102395140961,0.002764,-0.445227833560147,127,1,0,1,1,0,0,1,1,1,1,0,1,0,0,0,0,0,0,0,0,0,0,0,0,0,0,0,1,1,0,0,0,0,0,0,0,0,0,1,0,0,0,0,0,0,0
"128","WBM","Ovary",0.2031134173,-0.132039662054495,0.100074129,-0.280102395140961,0.002764,-0.445227833560147,128,1,0,1,1,0,0,1,1,1,1,1,1,0,0,0,0,0,0,0,1,0,0,0,0,0,0,0,1,1,0,0,0,0,0,0,0,0,0,0,0,0,0,0,0,0,0
"129","WBM","Ovary",0.2031134173,-0.132039662054495,0.100074129,-0.280102395140961,0.002764,-0.445227833560147,129,1,0,1,1,0,0,1,0,1,1,1,1,0,0,0,0,0,0,0,0,0,0,0,0,0,0,0,1,1,0,0,0,0,0,0,0,0,0,0,0,0,0,0,0,0,0
"130","WBM","Ovary",0.2031134173,-0.132039662054495,0.100074129,-0.280102395140961,0.002764,-0.445227833560147,130,1,0,1,1,0,0,1,1,0,1,1,1,0,0,0,0,0,0,0,1,0,0,0,0,0,0,0,1,1,0,0,0,0,0,0,0,0,0,0,0,0,0,0,0,0,0
"131","WBM","Ovary",0.2031134173,-0.132039662054495,0.100074129,-0.280102395140961,0.002764,-0.445227833560147,131,1,0,1,1,0,0,1,1,1,1,0,1,0,0,0,0,0,0,1,0,0,0,0,0,0,0,0,0,0,0,0,0,0,0,0,0,0,0,0,0,0,0,0,0,0,0
"132","WBM","Ovary",0.2031134173,-0.132039662054495,0.100074129,-0.280102395140961,0.002764,-0.445227833560147,132,1,0,1,1,0,0,1,1,1,1,0,1,0,0,0,0,0,0,1,1,0,0,0,0,0,0,0,1,1,0,0,0,0,0,0,0,0,0,0,0,0,0,0,0,0,0
"133","WBM","Ovary",0.2031134173,-0.132039662054495,0.100074129,-0.280102395140961,0.002764,-0.445227833560147,133,1,0,1,1,0,0,1,0,1,1,0,1,0,0,0,0,0,0,1,0,0,0,0,0,0,0,0,1,0,0,0,0,0,0,0,0,0,0,0,0,0,0,0,0,0,0
"134","WBM","Ovary",0.2031134173,-0.132039662054495,0.100074129,-0.280102395140961,0.002764,-0.445227833560147,134,1,0,1,1,0,0,1,1,1,1,0,1,0,0,0,0,0,0,1,0,0,0,0,0,0,0,0,1,1,0,0,0,0,0,0,0,0,0,0,0,0,0,0,0,0,0
"135","WBM","Ovary",0.2031134173,-0.132039662054495,0.100074129,-0.280102395140961,0.002764,-0.445227833560147,135,1,0,1,1,0,0,1,1,1,1,0,1,0,0,0,0,0,0,0,1,0,0,0,0,0,0,0,1,1,0,0,0,0,0,0,0,0,0,0,0,0,0,0,0,0,0
"136","WBM","Ovary",0.2031134173,-0.132039662054495,0.100074129,-0.280102395140961,0.002764,-0.445227833560147,136,1,0,1,1,0,0,1,1,1,1,0,1,0,0,0,0,0,0,1,1,0,0,0,0,0,0,0,1,1,0,0,0,0,0,0,0,0,0,0,0,0,0,0,0,0,0
"137","ANT","Ovary",0.6362811791,1.09475596588008,0.2142101285,0.562706636718995,0.00296,-0.299728072005141,137,1,0,1,1,0,1,0,1,1,1,0,1,0,0,0,0,0,0,1,1,0,0,0,0,0,0,0,1,1,0,0,0,1,0,0,0,0,0,0,0,0,0,0,0,0,0
"138","ANT","Ovary",0.6362811791,1.09475596588008,0.2142101285,0.562706636718995,0.00296,-0.299728072005141,138,1,0,1,1,0,1,0,1,1,1,0,1,0,0,0,0,0,0,1,0,0,0,0,0,0,0,0,0,0,0,0,0,0,0,0,0,0,0,0,0,0,0,0,0,0,0
"139","ANT","Ovary",0.6362811791,1.09475596588008,0.2142101285,0.562706636718995,0.00296,-0.299728072005141,139,1,1,1,0,0,1,1,1,1,1,0,0,0,0,0,0,0,0,0,1,0,0,0,1,0,0,1,1,0,0,0,0,0,0,0,0,1,0,0,0,1,0,0,0,0,0
"140","ANT","Ovary",0.6362811791,1.09475596588008,0.2142101285,0.562706636718995,0.00296,-0.299728072005141,140,1,1,1,1,0,1,1,1,1,1,0,0,0,0,0,0,0,0,0,1,0,1,0,1,0,0,1,1,0,0,0,0,0,0,0,0,1,0,0,0,1,0,0,0,0,0
"141","ANT","Ovary",0.6362811791,1.09475596588008,0.2142101285,0.562706636718995,0.00296,-0.299728072005141,141,1,1,1,0,0,1,1,1,1,1,0,0,0,0,0,0,0,1,0,1,0,1,0,1,0,0,1,1,0,0,0,1,0,0,0,0,1,0,0,0,1,0,0,0,0,0
"142","PC","Ovary",0.03915592028,-1.29967098358498,0.03798358734,-1.25338066362992,0.001089,-1.68865691827767,142,1,1,1,0,0,0,1,0,0,1,0,0,0,0,0,0,0,1,0,1,0,0,0,0,0,0,1,1,0,0,0,1,0,0,1,0,1,0,0,0,1,0,0,0,0,0
"143","PC","Ovary",0.03915592028,-1.29967098358498,0.03798358734,-1.25338066362992,0.001089,-1.68865691827767,143,1,1,1,1,0,0,1,0,1,1,0,0,0,0,0,0,0,1,0,0,0,0,0,0,0,0,1,1,0,0,0,0,0,0,0,0,1,0,0,0,1,0,0,0,0,0
"144","PC","Ovary",0.03915592028,-1.29967098358498,0.03798358734,-1.25338066362992,0.001089,-1.68865691827767,144,1,1,1,1,0,0,1,0,0,1,0,0,0,0,0,0,0,1,0,0,0,0,0,0,0,0,1,1,0,0,0,0,0,0,0,0,1,0,0,0,1,0,0,0,0,0
"145","PC","Ovary",0.03915592028,-1.29967098358498,0.03798358734,-1.25338066362992,0.001089,-1.68865691827767,145,1,1,1,1,0,0,1,1,1,1,0,0,0,0,1,0,0,0,0,0,0,0,0,1,0,0,1,1,0,0,0,1,0,1,0,0,1,0,0,0,1,0,0,0,0,0
"146","PC","Ovary",0.03915592028,-1.29967098358498,0.03798358734,-1.25338066362992,0.001089,-1.68865691827767,146,1,1,1,1,0,0,1,0,1,1,0,0,0,0,1,0,0,0,0,1,0,0,0,0,0,0,1,1,0,0,0,0,0,0,0,0,1,0,0,0,1,0,0,0,0,0
"147","BE","Ovary",0.09188749209,-0.720440462850346,0.3779506195,1.31604046141245,0.004665,0.965971384378968,147,1,1,1,0,0,0,1,0,1,1,0,0,0,0,0,0,0,1,0,1,0,0,0,0,0,0,1,1,0,0,0,0,0,0,0,0,1,0,0,0,1,0,0,0,0,0
"148","BE","Ovary",0.09188749209,-0.720440462850346,0.3779506195,1.31604046141245,0.004665,0.965971384378968,148,1,1,1,1,0,0,1,0,1,1,0,0,0,0,0,0,0,0,0,0,0,0,0,0,0,0,1,1,0,0,0,0,0,0,0,0,0,0,0,0,1,0,0,0,0,0
"149","BE","Ovary",0.09188749209,-0.720440462850346,0.3779506195,1.31604046141245,0.004665,0.965971384378968,149,1,1,1,1,0,0,1,0,1,1,0,0,0,0,0,0,0,1,0,0,0,0,0,1,0,0,1,1,0,0,0,1,0,0,0,0,0,0,0,0,1,0,0,0,0,0
"150","BE","Ovary",0.09188749209,-0.720440462850346,0.3779506195,1.31604046141245,0.004665,0.965971384378968,150,1,1,1,1,0,0,1,0,1,1,0,0,0,0,0,0,0,1,0,0,0,0,0,0,0,0,1,1,0,0,0,0,0,0,0,0,1,0,0,0,1,0,0,0,0,0
"151","BE","Ovary",0.09188749209,-0.720440462850346,0.3779506195,1.31604046141245,0.004665,0.965971384378968,151,1,1,1,1,0,0,1,1,1,1,0,0,0,0,1,0,0,1,0,0,0,0,0,1,0,0,1,1,0,0,0,1,0,0,0,0,1,0,0,0,1,0,0,0,0,0
"152","BE","Ovary",0.09188749209,-0.720440462850346,0.3779506195,1.31604046141245,0.004665,0.965971384378968,152,1,1,1,1,0,0,1,0,1,1,0,0,0,0,0,0,0,1,0,0,0,0,0,0,0,0,1,1,0,0,0,0,0,0,0,0,0,0,0,0,1,0,0,0,0,0
"153","BE","Ovary",0.09188749209,-0.720440462850346,0.3779506195,1.31604046141245,0.004665,0.965971384378968,153,1,1,1,1,0,0,1,0,1,1,0,0,0,0,1,0,0,1,0,0,0,1,0,1,0,0,1,1,0,0,0,1,0,0,0,0,1,0,0,0,1,0,0,0,0,0
"154","BE","Ovary",0.09188749209,-0.720440462850346,0.3779506195,1.31604046141245,0.004665,0.965971384378968,154,1,1,1,1,0,1,1,1,1,1,0,0,0,0,0,0,0,0,0,0,0,0,0,0,0,0,1,1,0,0,0,0,0,0,0,0,0,0,0,0,1,0,0,0,0,0
"155","BE","Ovary",0.09188749209,-0.720440462850346,0.3779506195,1.31604046141245,0.004665,0.965971384378968,155,1,1,1,1,0,0,1,0,1,1,0,0,0,0,0,0,0,1,0,0,0,0,0,0,0,0,1,1,0,0,0,0,0,0,0,0,0,0,0,0,1,0,0,0,0,0
"156","BE","Ovary",0.09188749209,-0.720440462850346,0.3779506195,1.31604046141245,0.004665,0.965971384378968,156,1,1,1,1,0,0,1,0,1,1,0,0,0,0,0,1,0,1,0,0,0,0,0,0,0,0,1,1,0,0,0,0,0,0,0,0,0,0,0,0,1,0,0,0,0,0
"177","POT","Ovary",0.7435008666,1.41637950075991,0.0719237435,-0.619518112308489,0.005436,1.53831993621014,177,1,0,1,0,0,0,1,0,0,0,0,0,0,0,0,0,1,0,0,0,0,0,0,0,0,1,0,0,0,0,0,0,0,0,0,0,0,0,0,0,1,0,0,0,0,0
"178","POT","Ovary",0.7435008666,1.41637950075991,0.0719237435,-0.619518112308489,0.005436,1.53831993621014,178,1,0,1,1,0,0,1,0,0,0,0,0,0,0,0,0,1,0,0,0,0,0,0,1,0,1,0,0,0,0,0,0,0,0,0,0,0,0,0,0,1,0,0,0,0,0
"179","POT","Ovary",0.7435008666,1.41637950075991,0.0719237435,-0.619518112308489,0.005436,1.53831993621014,179,1,0,1,0,0,0,1,0,0,0,0,0,0,0,0,0,1,0,0,0,0,0,0,0,0,1,0,0,0,0,0,0,0,0,0,0,0,0,0,0,1,0,1,0,0,0
"180","POT","Ovary",0.7435008666,1.41637950075991,0.0719237435,-0.619518112308489,0.005436,1.53831993621014,180,1,0,1,0,0,0,1,0,0,1,1,1,1,1,1,0,0,1,0,1,0,0,0,0,0,1,1,0,1,0,1,0,0,0,0,1,0,0,1,1,1,0,1,0,0,0
"181","POT","Ovary",0.7435008666,1.41637950075991,0.0719237435,-0.619518112308489,0.005436,1.53831993621014,181,1,0,1,0,0,0,1,0,0,1,0,0,0,0,0,0,1,0,0,0,0,0,0,1,0,1,0,0,0,0,1,0,0,0,0,0,0,0,0,0,1,0,1,0,0,0
"182","POT","Ovary",0.7435008666,1.41637950075991,0.0719237435,-0.619518112308489,0.005436,1.53831993621014,182,1,0,1,0,0,0,1,0,0,0,0,0,1,0,0,0,1,1,0,0,0,0,0,1,0,1,0,0,0,0,0,0,0,0,0,0,0,0,1,0,1,0,1,0,0,0
"183","POT","Ovary",0.7435008666,1.41637950075991,0.0719237435,-0.619518112308489,0.005436,1.53831993621014,183,1,0,1,0,0,0,1,1,1,0,0,0,0,0,0,0,1,0,0,0,0,0,0,0,0,1,0,0,0,0,0,0,0,0,0,0,0,0,0,0,1,0,1,0,0,0
"184","POT","Ovary",0.7435008666,1.41637950075991,0.0719237435,-0.619518112308489,0.005436,1.53831993621014,184,1,0,1,1,0,0,1,0,0,0,0,0,1,0,0,0,1,1,0,0,0,0,0,1,0,1,0,0,0,0,0,0,0,0,0,0,0,0,0,0,1,1,1,0,0,0
"185","POT","Ovary",0.7435008666,1.41637950075991,0.0719237435,-0.619518112308489,0.005436,1.53831993621014,185,1,0,1,0,0,0,1,1,1,0,0,0,1,0,0,0,1,1,0,0,0,0,0,1,0,1,0,0,0,0,0,0,0,0,1,0,0,0,0,0,1,0,1,0,0,0
"186","POT","Ovary",0.7435008666,1.41637950075991,0.0719237435,-0.619518112308489,0.005436,1.53831993621014,186,1,1,1,1,0,0,1,0,0,1,0,0,0,0,1,0,0,1,0,0,0,1,1,1,0,0,1,1,0,0,0,1,0,0,0,0,0,0,0,0,1,0,0,0,0,0
